USE AM_COMM

insert into sc_Program(  i_prg ,prg_name ,f_execute ,f_def_fund_src ,f_by_ifund ,f_rebuild ,src_dir ,i_user_dev ,systime ,f_POPD ,menu_name)
values('TG0025','整批覆核','1','GLFN','Y','N','','620',getdate(),'','')
insert into sc_Program(  i_prg ,prg_name ,f_execute ,f_def_fund_src ,f_by_ifund ,f_rebuild ,src_dir ,i_user_dev ,systime ,f_POPD ,menu_name)
values('TG0026','法遵檔案上傳','1','GLFN','Y','N','','620',getdate(),'','')
insert into sc_Program(  i_prg ,prg_name ,f_execute ,f_def_fund_src ,f_by_ifund ,f_rebuild ,src_dir ,i_user_dev ,systime ,f_POPD ,menu_name)
values('TG9936','銷售處理費核實報告書','1','GLFN','Y','N','','620',getdate(),'','')
insert into sc_Program(  i_prg ,prg_name ,f_execute ,f_def_fund_src ,f_by_ifund ,f_rebuild ,src_dir ,i_user_dev ,systime ,f_POPD ,menu_name)
values('TG9937','銷售處理費授權書','1','GLFN','Y','N','','620',getdate(),'','')
insert into sc_Program(  i_prg ,prg_name ,f_execute ,f_def_fund_src ,f_by_ifund ,f_rebuild ,src_dir ,i_user_dev ,systime ,f_POPD ,menu_name)
values('TG9938','基金投資交易/授權書','1','GLFN','Y','N','','620',getdate(),'','')
insert into sc_Program(  i_prg ,prg_name ,f_execute ,f_def_fund_src ,f_by_ifund ,f_rebuild ,src_dir ,i_user_dev ,systime ,f_POPD ,menu_name)
values('TG9939','基金配息投資授權書','1','GLFN','Y','N','','620',getdate(),'','')
insert into sc_Program(  i_prg ,prg_name ,f_execute ,f_def_fund_src ,f_by_ifund ,f_rebuild ,src_dir ,i_user_dev ,systime ,f_POPD ,menu_name)
values('TG9940','國外私募基金投資交易/授權書','1','GLFN','Y','N','','620',getdate(),'','')
insert into sc_Program(  i_prg ,prg_name ,f_execute ,f_def_fund_src ,f_by_ifund ,f_rebuild ,src_dir ,i_user_dev ,systime ,f_POPD ,menu_name)
values('TG9941','MMF管理報表','1','GLFN','Y','N','','620',getdate(),'','')
insert into sc_Program(  i_prg ,prg_name ,f_execute ,f_def_fund_src ,f_by_ifund ,f_rebuild ,src_dir ,i_user_dev ,systime ,f_POPD ,menu_name)
values('TG9942','基金配息表(已收)','1','GLFN','Y','N','','620',getdate(),'','')
insert into sc_Program(  i_prg ,prg_name ,f_execute ,f_def_fund_src ,f_by_ifund ,f_rebuild ,src_dir ,i_user_dev ,systime ,f_POPD ,menu_name)
values('TG9943','基金進出表','1','GLFN','Y','N','','620',getdate(),'','')
insert into sc_Program(  i_prg ,prg_name ,f_execute ,f_def_fund_src ,f_by_ifund ,f_rebuild ,src_dir ,i_user_dev ,systime ,f_POPD ,menu_name)
values('TG0401','基金公司基本資料','1','GLFN','Y','N','','620',getdate(),'','')
insert into sc_Program(  i_prg ,prg_name ,f_execute ,f_def_fund_src ,f_by_ifund ,f_rebuild ,src_dir ,i_user_dev ,systime ,f_POPD ,menu_name)
values('TG0402','基金基本資料','1','GLFN','Y','N','','620',getdate(),'','')
insert into sc_Program(  i_prg ,prg_name ,f_execute ,f_def_fund_src ,f_by_ifund ,f_rebuild ,src_dir ,i_user_dev ,systime ,f_POPD ,menu_name)
values('TG0403','基金買入交易','1','GLFN','Y','N','','620',getdate(),'','')
insert into sc_Program(  i_prg ,prg_name ,f_execute ,f_def_fund_src ,f_by_ifund ,f_rebuild ,src_dir ,i_user_dev ,systime ,f_POPD ,menu_name)
values('TG0404','基金贖回交易','1','GLFN','Y','N','','620',getdate(),'','')
insert into sc_Program(  i_prg ,prg_name ,f_execute ,f_def_fund_src ,f_by_ifund ,f_rebuild ,src_dir ,i_user_dev ,systime ,f_POPD ,menu_name)
values('TG0406','基金配息領取','1','GLFN','Y','N','','620',getdate(),'','')
insert into sc_Program(  i_prg ,prg_name ,f_execute ,f_def_fund_src ,f_by_ifund ,f_rebuild ,src_dir ,i_user_dev ,systime ,f_POPD ,menu_name)
values('TG0407','基金Rebate資料維護','1','GLFN','Y','N','','620',getdate(),'','')
insert into sc_Program(  i_prg ,prg_name ,f_execute ,f_def_fund_src ,f_by_ifund ,f_rebuild ,src_dir ,i_user_dev ,systime ,f_POPD ,menu_name)
values('TG0408','基金Rebate領取','1','GLFN','Y','N','','620',getdate(),'','')
insert into sc_Program(  i_prg ,prg_name ,f_execute ,f_def_fund_src ,f_by_ifund ,f_rebuild ,src_dir ,i_user_dev ,systime ,f_POPD ,menu_name)
values('TG9944','海外股票指示書','1','GLFN','Y','N','','620',getdate(),'','')

insert into sc_Menu_Task(i_menu_group,i_task) values('04',7)
insert into sc_Menu_Task(i_menu_group,i_task) values('98',8)
insert into sc_Menu_Task(i_menu_group,i_task) values('97',9)

insert into sc_MenuData(i_menu_group ,menu_name ,menu_desc ,f_order)
values('98','報表_基金','報表_基金','706')
insert into sc_MenuData(i_menu_group ,menu_name ,menu_desc ,f_order)
values('97','報表_共用','報表_共用','720')

insert into sc_Role_Program
( i_role, i_prg, f_author_ui, f_author_data, i_task, f_order)
select  i_role, i_prg, f_author_ui, f_author_data, '7', f_order
from sc_Role_Program where i_prg = 'TG0127'

update sc_Role_Program set i_task = '9' where  i_prg = 'MsReport'

insert into sc_Role_Program(i_role ,i_prg ,f_author_ui ,f_author_data ,i_task )
values('13','TG0025','ADUQ','','1')
insert into sc_Role_Program(i_role ,i_prg ,f_author_ui ,f_author_data ,i_task )
values('50','TG0025','ADUQ','','1')
insert into sc_Role_Program(i_role ,i_prg ,f_author_ui ,f_author_data ,i_task )
values('40','TG0025','ADUQ','','1')
insert into sc_Role_Program(i_role ,i_prg ,f_author_ui ,f_author_data ,i_task )
values('18','TG0026','ADUQ','','1')
insert into sc_Role_Program(i_role ,i_prg ,f_author_ui ,f_author_data ,i_task )
values('19','TG0026','ADUQ','','1')
insert into sc_Role_Program(i_role ,i_prg ,f_author_ui ,f_author_data ,i_task )
values('40','TG0026','ADUQ','','1')

insert into sc_Role_Program(i_role ,i_prg ,f_author_ui ,f_author_data ,i_task )
values('13','TG9944','Q','','5')
insert into sc_Role_Program(i_role ,i_prg ,f_author_ui ,f_author_data ,i_task )
values('50','TG9944','Q','','5')
insert into sc_Role_Program(i_role ,i_prg ,f_author_ui ,f_author_data ,i_task )
values('40','TG9944','Q','','5')
insert into sc_Role_Program(i_role ,i_prg ,f_author_ui ,f_author_data ,i_task )
values('14','TG9943','Q','','8')
insert into sc_Role_Program(i_role ,i_prg ,f_author_ui ,f_author_data ,i_task )
values('60','TG9943','Q','','8')
insert into sc_Role_Program(i_role ,i_prg ,f_author_ui ,f_author_data ,i_task )
values('61','TG9943','Q','','8')
insert into sc_Role_Program(i_role ,i_prg ,f_author_ui ,f_author_data ,i_task )
values('62','TG9943','Q','','8')
insert into sc_Role_Program(i_role ,i_prg ,f_author_ui ,f_author_data ,i_task )
values('63','TG9943','Q','','8')
insert into sc_Role_Program(i_role ,i_prg ,f_author_ui ,f_author_data ,i_task )
values('40','TG9943','Q','','8')
insert into sc_Role_Program(i_role ,i_prg ,f_author_ui ,f_author_data ,i_task )
values('14','TG9942','Q','','8')
insert into sc_Role_Program(i_role ,i_prg ,f_author_ui ,f_author_data ,i_task )
values('60','TG9942','Q','','8')
insert into sc_Role_Program(i_role ,i_prg ,f_author_ui ,f_author_data ,i_task )
values('61','TG9942','Q','','8')
insert into sc_Role_Program(i_role ,i_prg ,f_author_ui ,f_author_data ,i_task )
values('62','TG9942','Q','','8')
insert into sc_Role_Program(i_role ,i_prg ,f_author_ui ,f_author_data ,i_task )
values('63','TG9942','Q','','8')
insert into sc_Role_Program(i_role ,i_prg ,f_author_ui ,f_author_data ,i_task )
values('40','TG9942','Q','','8')
insert into sc_Role_Program(i_role ,i_prg ,f_author_ui ,f_author_data ,i_task )
values('14','TG9941','Q','','8')
insert into sc_Role_Program(i_role ,i_prg ,f_author_ui ,f_author_data ,i_task )
values('60','TG9941','Q','','8')
insert into sc_Role_Program(i_role ,i_prg ,f_author_ui ,f_author_data ,i_task )
values('61','TG9941','Q','','8')
insert into sc_Role_Program(i_role ,i_prg ,f_author_ui ,f_author_data ,i_task )
values('62','TG9941','Q','','8')
insert into sc_Role_Program(i_role ,i_prg ,f_author_ui ,f_author_data ,i_task )
values('63','TG9941','Q','','8')
insert into sc_Role_Program(i_role ,i_prg ,f_author_ui ,f_author_data ,i_task )
values('40','TG9941','Q','','8')
insert into sc_Role_Program(i_role ,i_prg ,f_author_ui ,f_author_data ,i_task )
values('61','TG9940','Q','','8')
insert into sc_Role_Program(i_role ,i_prg ,f_author_ui ,f_author_data ,i_task )
values('40','TG9940','Q','','8')
insert into sc_Role_Program(i_role ,i_prg ,f_author_ui ,f_author_data ,i_task )
values('11','TG9939','Q','','8')
insert into sc_Role_Program(i_role ,i_prg ,f_author_ui ,f_author_data ,i_task )
values('30','TG9939','Q','','8')
insert into sc_Role_Program(i_role ,i_prg ,f_author_ui ,f_author_data ,i_task )
values('33','TG9939','Q','','8')
insert into sc_Role_Program(i_role ,i_prg ,f_author_ui ,f_author_data ,i_task )
values('40','TG9939','Q','','8')
insert into sc_Role_Program(i_role ,i_prg ,f_author_ui ,f_author_data ,i_task )
values('10','TG9938','Q','','8')
insert into sc_Role_Program(i_role ,i_prg ,f_author_ui ,f_author_data ,i_task )
values('20','TG9938','Q','','8')
insert into sc_Role_Program(i_role ,i_prg ,f_author_ui ,f_author_data ,i_task )
values('40','TG9938','Q','','8')
insert into sc_Role_Program(i_role ,i_prg ,f_author_ui ,f_author_data ,i_task )
values('11','TG9937','Q','','8')
insert into sc_Role_Program(i_role ,i_prg ,f_author_ui ,f_author_data ,i_task )
values('30','TG9937','Q','','8')
insert into sc_Role_Program(i_role ,i_prg ,f_author_ui ,f_author_data ,i_task )
values('33','TG9937','Q','','8')
insert into sc_Role_Program(i_role ,i_prg ,f_author_ui ,f_author_data ,i_task )
values('40','TG9937','Q','','8')
insert into sc_Role_Program(i_role ,i_prg ,f_author_ui ,f_author_data ,i_task )
values('11','TG9936','Q','','8')
insert into sc_Role_Program(i_role ,i_prg ,f_author_ui ,f_author_data ,i_task )
values('30','TG9936','Q','','8')
insert into sc_Role_Program(i_role ,i_prg ,f_author_ui ,f_author_data ,i_task )
values('33','TG9936','Q','','8')
insert into sc_Role_Program(i_role ,i_prg ,f_author_ui ,f_author_data ,i_task )
values('40','TG9936','Q','','8')

insert into sc_Role_Program(i_role ,i_prg ,f_author_ui ,f_author_data ,i_task )
values('11','TG0408','ADUQ','','7')
insert into sc_Role_Program(i_role ,i_prg ,f_author_ui ,f_author_data ,i_task )
values('30','TG0408','ADUQ','','7')
insert into sc_Role_Program(i_role ,i_prg ,f_author_ui ,f_author_data ,i_task )
values('33','TG0408','ADUQ','','7')
insert into sc_Role_Program(i_role ,i_prg ,f_author_ui ,f_author_data ,i_task )
values('40','TG0408','ADUQ','','7')
insert into sc_Role_Program(i_role ,i_prg ,f_author_ui ,f_author_data ,i_task )
values('11','TG0407','ADUQ','','7')
insert into sc_Role_Program(i_role ,i_prg ,f_author_ui ,f_author_data ,i_task )
values('30','TG0407','ADUQ','','7')
insert into sc_Role_Program(i_role ,i_prg ,f_author_ui ,f_author_data ,i_task )
values('33','TG0407','ADUQ','','7')
insert into sc_Role_Program(i_role ,i_prg ,f_author_ui ,f_author_data ,i_task )
values('40','TG0407','ADUQ','','7')
insert into sc_Role_Program(i_role ,i_prg ,f_author_ui ,f_author_data ,i_task )
values('11','TG0404','ADUQ','','7')
insert into sc_Role_Program(i_role ,i_prg ,f_author_ui ,f_author_data ,i_task )
values('30','TG0404','ADUQ','','7')
insert into sc_Role_Program(i_role ,i_prg ,f_author_ui ,f_author_data ,i_task )
values('33','TG0404','ADUQ','','7')
insert into sc_Role_Program(i_role ,i_prg ,f_author_ui ,f_author_data ,i_task )
values('40','TG0404','ADUQ','','7')
insert into sc_Role_Program(i_role ,i_prg ,f_author_ui ,f_author_data ,i_task )
values('11','TG0403','ADUQ','','7')
insert into sc_Role_Program(i_role ,i_prg ,f_author_ui ,f_author_data ,i_task )
values('30','TG0403','ADUQ','','7')
insert into sc_Role_Program(i_role ,i_prg ,f_author_ui ,f_author_data ,i_task )
values('33','TG0403','ADUQ','','7')
insert into sc_Role_Program(i_role ,i_prg ,f_author_ui ,f_author_data ,i_task )
values('40','TG0403','ADUQ','','7')
insert into sc_Role_Program(i_role ,i_prg ,f_author_ui ,f_author_data ,i_task )
values('11','TG0406','ADUQ','','7')
insert into sc_Role_Program(i_role ,i_prg ,f_author_ui ,f_author_data ,i_task )
values('30','TG0406','ADUQ','','7')
insert into sc_Role_Program(i_role ,i_prg ,f_author_ui ,f_author_data ,i_task )
values('33','TG0406','ADUQ','','7')
insert into sc_Role_Program(i_role ,i_prg ,f_author_ui ,f_author_data ,i_task )
values('12','TG0406','ADUQ','','7')
insert into sc_Role_Program(i_role ,i_prg ,f_author_ui ,f_author_data ,i_task )
values('15','TG0406','ADUQ','','7')
insert into sc_Role_Program(i_role ,i_prg ,f_author_ui ,f_author_data ,i_task )
values('40','TG0406','ADUQ','','7')
insert into sc_Role_Program(i_role ,i_prg ,f_author_ui ,f_author_data ,i_task )
values('10','TG0401','ADUQ','','7')
insert into sc_Role_Program(i_role ,i_prg ,f_author_ui ,f_author_data ,i_task )
values('20','TG0401','ADUQ','','7')
insert into sc_Role_Program(i_role ,i_prg ,f_author_ui ,f_author_data ,i_task )
values('18','TG0401','ADUQ','','7')
insert into sc_Role_Program(i_role ,i_prg ,f_author_ui ,f_author_data ,i_task )
values('19','TG0401','ADUQ','','7')
insert into sc_Role_Program(i_role ,i_prg ,f_author_ui ,f_author_data ,i_task )
values('40','TG0401','ADUQ','','7')
insert into sc_Role_Program(i_role ,i_prg ,f_author_ui ,f_author_data ,i_task )
values('11','TG0401','Q','','7')
insert into sc_Role_Program(i_role ,i_prg ,f_author_ui ,f_author_data ,i_task )
values('12','TG0401','Q','','7')
insert into sc_Role_Program(i_role ,i_prg ,f_author_ui ,f_author_data ,i_task )
values('13','TG0401','Q','','7')
insert into sc_Role_Program(i_role ,i_prg ,f_author_ui ,f_author_data ,i_task )
values('14','TG0401','Q','','7')
insert into sc_Role_Program(i_role ,i_prg ,f_author_ui ,f_author_data ,i_task )
values('15','TG0401','Q','','7')
insert into sc_Role_Program(i_role ,i_prg ,f_author_ui ,f_author_data ,i_task )
values('17','TG0401','Q','','7')
insert into sc_Role_Program(i_role ,i_prg ,f_author_ui ,f_author_data ,i_task )
values('30','TG0401','Q','','7')
insert into sc_Role_Program(i_role ,i_prg ,f_author_ui ,f_author_data ,i_task )
values('33','TG0401','Q','','7')
insert into sc_Role_Program(i_role ,i_prg ,f_author_ui ,f_author_data ,i_task )
values('50','TG0401','Q','','7')
insert into sc_Role_Program(i_role ,i_prg ,f_author_ui ,f_author_data ,i_task )
values('60','TG0401','Q','','7')
insert into sc_Role_Program(i_role ,i_prg ,f_author_ui ,f_author_data ,i_task )
values('61','TG0401','Q','','7')
insert into sc_Role_Program(i_role ,i_prg ,f_author_ui ,f_author_data ,i_task )
values('62','TG0401','Q','','7')
insert into sc_Role_Program(i_role ,i_prg ,f_author_ui ,f_author_data ,i_task )
values('63','TG0401','Q','','7')
insert into sc_Role_Program(i_role ,i_prg ,f_author_ui ,f_author_data ,i_task )
values('80','TG0401','Q','','7')
insert into sc_Role_Program(i_role ,i_prg ,f_author_ui ,f_author_data ,i_task )
values('10','TG0402','ADUQ','','7')
insert into sc_Role_Program(i_role ,i_prg ,f_author_ui ,f_author_data ,i_task )
values('20','TG0402','ADUQ','','7')
insert into sc_Role_Program(i_role ,i_prg ,f_author_ui ,f_author_data ,i_task )
values('18','TG0402','ADUQ','','7')
insert into sc_Role_Program(i_role ,i_prg ,f_author_ui ,f_author_data ,i_task )
values('19','TG0402','ADUQ','','7')
insert into sc_Role_Program(i_role ,i_prg ,f_author_ui ,f_author_data ,i_task )
values('61','TG0402','ADUQ','','7')
insert into sc_Role_Program(i_role ,i_prg ,f_author_ui ,f_author_data ,i_task )
values('40','TG0402','ADUQ','','7')
insert into sc_Role_Program(i_role ,i_prg ,f_author_ui ,f_author_data ,i_task )
values('11','TG0402','Q','','7')
insert into sc_Role_Program(i_role ,i_prg ,f_author_ui ,f_author_data ,i_task )
values('12','TG0402','Q','','7')
insert into sc_Role_Program(i_role ,i_prg ,f_author_ui ,f_author_data ,i_task )
values('13','TG0402','Q','','7')
insert into sc_Role_Program(i_role ,i_prg ,f_author_ui ,f_author_data ,i_task )
values('14','TG0402','Q','','7')
insert into sc_Role_Program(i_role ,i_prg ,f_author_ui ,f_author_data ,i_task )
values('15','TG0402','Q','','7')
insert into sc_Role_Program(i_role ,i_prg ,f_author_ui ,f_author_data ,i_task )
values('17','TG0402','Q','','7')
insert into sc_Role_Program(i_role ,i_prg ,f_author_ui ,f_author_data ,i_task )
values('30','TG0402','Q','','7')
insert into sc_Role_Program(i_role ,i_prg ,f_author_ui ,f_author_data ,i_task )
values('33','TG0402','Q','','7')
insert into sc_Role_Program(i_role ,i_prg ,f_author_ui ,f_author_data ,i_task )
values('50','TG0402','Q','','7')
insert into sc_Role_Program(i_role ,i_prg ,f_author_ui ,f_author_data ,i_task )
values('60','TG0402','Q','','7')
insert into sc_Role_Program(i_role ,i_prg ,f_author_ui ,f_author_data ,i_task )
values('62','TG0402','Q','','7')
insert into sc_Role_Program(i_role ,i_prg ,f_author_ui ,f_author_data ,i_task )
values('63','TG0402','Q','','7')
insert into sc_Role_Program(i_role ,i_prg ,f_author_ui ,f_author_data ,i_task )
values('80','TG0402','Q','','7')